effective_date,ticker,action,review,source_url,name,note
2025-12-19,3665.TW,add,定期審核,https://www.cna.com.tw/news/aie/202512050295.aspx,貿聯-KY,2025-12-05 公告；貿聯-KY 在 2025-12 與 2026-06 兩次審核都被列為納入；2026-03-23 生效的年度審核(FTSE notice id=2618964)可能是中間的剔除，尚未取得該次異動明細
2025-12-19,2360.TW,add,定期審核,https://www.cna.com.tw/news/aie/202512050295.aspx,致茂,2025-12-05 公告
2025-12-19,3653.TW,add,定期審核,https://www.cna.com.tw/news/aie/202512050295.aspx,健策,2025-12-05 公告
2025-12-19,2408.TW,add,定期審核,https://www.cna.com.tw/news/aie/202512050295.aspx,南亞科,2025-12-05 公告
2025-12-19,5871.TW,drop,定期審核,https://www.cna.com.tw/news/aie/202512050295.aspx,中租-KY,2025-12-05 公告
2025-12-19,4938.TW,drop,定期審核,https://www.cna.com.tw/news/aie/202512050295.aspx,和碩,2025-12-05 公告
2025-12-19,5876.TW,drop,定期審核,https://www.cna.com.tw/news/aie/202512050295.aspx,上海商銀,2025-12-05 公告
2025-12-19,2609.TW,drop,定期審核,https://www.cna.com.tw/news/aie/202512050295.aspx,陽明,2025-12-05 公告
2026-06-18,3665.TW,add,定期審核,https://tw.stock.yahoo.com/news/%E5%8F%B0%E7%81%A350%E6%88%90%E5%88%86%E8%82%A1%E5%88%AA%E4%B8%AD%E9%8B%BC%E5%8F%B0%E5%A1%91%E7%AD%89%E5%82%B3%E7%94%A2%E6%AC%8A%E5%80%BC%E8%82%A1-ai%E7%A7%91%E6%8A%80%E8%82%A1%E5%85%A5%E5%88%97-100849343.html,貿聯-KY,2026-06-05 公告；媒體記為 6/18 生效，但 FTSE 慣例為當月第三個星期五(6/19)，validate() 已標記待回查；貿聯-KY 在 2025-12 與 2026-06 兩次審核都被列為納入；2026-03-23 生效的年度審核(FTSE notice id=2618964)可能是中間的剔除，尚未取得該次異動明細
2026-06-18,3443.TW,add,定期審核,https://tw.stock.yahoo.com/news/%E5%8F%B0%E7%81%A350%E6%88%90%E5%88%86%E8%82%A1%E5%88%AA%E4%B8%AD%E9%8B%BC%E5%8F%B0%E5%A1%91%E7%AD%89%E5%82%B3%E7%94%A2%E6%AC%8A%E5%80%BC%E8%82%A1-ai%E7%A7%91%E6%8A%80%E8%82%A1%E5%85%A5%E5%88%97-100849343.html,創意,2026-06-05 公告；媒體記為 6/18 生效，但 FTSE 慣例為當月第三個星期五(6/19)，validate() 已標記待回查
2026-06-18,8046.TW,add,定期審核,https://tw.stock.yahoo.com/news/%E5%8F%B0%E7%81%A350%E6%88%90%E5%88%86%E8%82%A1%E5%88%AA%E4%B8%AD%E9%8B%BC%E5%8F%B0%E5%A1%91%E7%AD%89%E5%82%B3%E7%94%A2%E6%AC%8A%E5%80%BC%E8%82%A1-ai%E7%A7%91%E6%8A%80%E8%82%A1%E5%85%A5%E5%88%97-100849343.html,南電,2026-06-05 公告；媒體記為 6/18 生效，但 FTSE 慣例為當月第三個星期五(6/19)，validate() 已標記待回查
2026-06-18,4958.TW,add,定期審核,https://tw.stock.yahoo.com/news/%E5%8F%B0%E7%81%A350%E6%88%90%E5%88%86%E8%82%A1%E5%88%AA%E4%B8%AD%E9%8B%BC%E5%8F%B0%E5%A1%91%E7%AD%89%E5%82%B3%E7%94%A2%E6%AC%8A%E5%80%BC%E8%82%A1-ai%E7%A7%91%E6%8A%80%E8%82%A1%E5%85%A5%E5%88%97-100849343.html,臻鼎-KY,2026-06-05 公告；媒體記為 6/18 生效，但 FTSE 慣例為當月第三個星期五(6/19)，validate() 已標記待回查
2026-06-18,6919.TW,drop,定期審核,https://tw.stock.yahoo.com/news/%E5%8F%B0%E7%81%A350%E6%88%90%E5%88%86%E8%82%A1%E5%88%AA%E4%B8%AD%E9%8B%BC%E5%8F%B0%E5%A1%91%E7%AD%89%E5%82%B3%E7%94%A2%E6%AC%8A%E5%80%BC%E8%82%A1-ai%E7%A7%91%E6%8A%80%E8%82%A1%E5%85%A5%E5%88%97-100849343.html,康霈,2026-06-05 公告；媒體記為 6/18 生效，但 FTSE 慣例為當月第三個星期五(6/19)，validate() 已標記待回查
2026-06-18,2002.TW,drop,定期審核,https://tw.stock.yahoo.com/news/%E5%8F%B0%E7%81%A350%E6%88%90%E5%88%86%E8%82%A1%E5%88%AA%E4%B8%AD%E9%8B%BC%E5%8F%B0%E5%A1%91%E7%AD%89%E5%82%B3%E7%94%A2%E6%AC%8A%E5%80%BC%E8%82%A1-ai%E7%A7%91%E6%8A%80%E8%82%A1%E5%85%A5%E5%88%97-100849343.html,中鋼,2026-06-05 公告；媒體記為 6/18 生效，但 FTSE 慣例為當月第三個星期五(6/19)，validate() 已標記待回查
2026-06-18,1301.TW,drop,定期審核,https://tw.stock.yahoo.com/news/%E5%8F%B0%E7%81%A350%E6%88%90%E5%88%86%E8%82%A1%E5%88%AA%E4%B8%AD%E9%8B%BC%E5%8F%B0%E5%A1%91%E7%AD%89%E5%82%B3%E7%94%A2%E6%AC%8A%E5%80%BC%E8%82%A1-ai%E7%A7%91%E6%8A%80%E8%82%A1%E5%85%A5%E5%88%97-100849343.html,台塑,2026-06-05 公告；媒體記為 6/18 生效，但 FTSE 慣例為當月第三個星期五(6/19)，validate() 已標記待回查
2026-06-18,2207.TW,drop,定期審核,https://tw.stock.yahoo.com/news/%E5%8F%B0%E7%81%A350%E6%88%90%E5%88%86%E8%82%A1%E5%88%AA%E4%B8%AD%E9%8B%BC%E5%8F%B0%E5%A1%91%E7%AD%89%E5%82%B3%E7%94%A2%E6%AC%8A%E5%80%BC%E8%82%A1-ai%E7%A7%91%E6%8A%80%E8%82%A1%E5%85%A5%E5%88%97-100849343.html,和泰車,2026-06-05 公告；媒體記為 6/18 生效，但 FTSE 慣例為當月第三個星期五(6/19)，validate() 已標記待回查
